Line,Station,Lon,Lat
40.0,40.0,-124.6511,41.7449
40.0,50.0,-125.42,41.4115
40.0,60.0,-126.1849,41.0782
40.0,70.0,-126.9459,40.7449
40.0,80.0,-127.7031,40.4115
40.0,90.0,-128.4565,40.0782
40.0,100.0,-129.2062,39.7449
40.0,110.0,-129.9522,39.4115
40.0,120.0,-130.6947,39.0782
43.3,42.0,-124.383,41.1066
43.3,50.0,-124.9924,40.84
43.3,60.0,-125.7507,40.5066
43.3,70.0,-126.5052,40.1733
43.3,80.0,-127.2559,39.84
43.3,90.0,-128.003,39.5066
43.3,100.0,-128.7465,39.1733
43.3,110.0,-129.4864,38.84
43.3,120.0,-130.2229,38.5066
46.7,50.0,-124.5556,40.2511
46.7,60.0,-125.3072,39.917699999999996
46.7,70.0,-126.0552,39.5844
46.7,80.0,-126.7995,39.2511
46.7,90.0,-127.5402,38.917699999999996
46.7,100.0,-128.2775,38.5844
46.7,110.0,-129.0113,38.2511
46.7,120.0,-129.7417,37.917699999999996
50.0,47.0,-123.9108,39.7795
50.0,50.0,-124.1351,39.6795
50.0,60.0,-124.8805,39.3462
50.0,70.0,-125.6222,39.0128
50.0,80.0,-126.3605,38.6795
50.0,90.0,-127.0953,38.3462
50.0,100.0,-127.8267,38.0128
50.0,110.0,-128.5547,37.6795
50.0,120.0,-129.2795,37.3462
53.3,52.0,-123.8661,39.0412
53.3,60.0,-124.4572,38.7746
53.3,70.0,-125.193,38.4412
53.3,80.0,-125.9253,38.1079
53.3,90.0,-126.6543,37.7746
53.3,100.0,-127.38,37.4412
53.3,110.0,-128.1024,37.1079
53.3,120.0,-128.8217,36.7746
56.7,51.0,-123.365,38.4857
56.7,60.0,-124.0247,38.1857
56.7,70.0,-124.7544,37.8523
56.7,80.0,-125.4809,37.519
56.7,90.0,-126.2041,37.1857
56.7,100.0,-126.9241,36.8523
56.7,110.0,-127.6409,36.519
56.7,120.0,-128.3546,36.1857
60.0,53.0,-123.0994,37.8474
60.0,60.0,-123.6082,37.6141
60.0,70.0,-124.3323,37.2808
60.0,80.0,-125.0532,36.9474
60.0,90.0,-125.7709,36.6141
60.0,100.0,-126.4855,36.2808
60.0,110.0,-127.197,35.9474
60.0,120.0,-127.9055,35.6141
60.0,140.0,-129.3137,34.9474
60.0,160.0,-130.7103,34.2808
60.0,180.0,-132.0958,33.6141
63.3,52.0,-122.6178,37.3092
63.3,55.0,-122.8345,37.2092
63.3,60.0,-123.195,37.0425
63.3,70.0,-123.9136,36.7092
63.3,80.0,-124.6291,36.3759
63.3,90.0,-125.3415,36.0425
63.3,100.0,-126.0508,35.7092
63.3,110.0,-126.7572,35.3759
63.3,120.0,-127.4606,35.0425
65.3,52.7,-122.4219,36.9394
66.7,50.0,-122.0563,36.787
66.7,55.0,-122.4148,36.6203
66.7,60.0,-122.7725,36.4536
66.7,65.0,-123.1295,36.287
66.7,70.0,-123.4856,36.1203
66.7,75.0,-123.841,35.9536
66.7,80.0,-124.1957,35.787
66.7,85.0,-124.5496,35.6203
66.7,90.0,-124.9027,35.4536
66.7,95.0,-125.2552,35.287
66.7,100.0,-125.6068,35.1203
66.7,110.0,-126.3081,34.787
66.7,120.0,-127.0064,34.4536
67.1,47.7,-121.8425,36.7943
68.1,55.9,-122.3072,36.3478
70.0,51.0,-121.7259,36.1821
70.0,55.0,-122.0105,36.0487
70.0,60.0,-122.3656,35.8821
70.0,63.6,-122.6207,35.7621
70.0,66.7,-122.8402,35.6587
70.0,70.0,-123.0735,35.5487
70.0,80.0,-123.7784,35.2154
70.0,90.0,-124.4804,34.8821
70.0,100.0,-125.1796,34.5487
70.0,110.0,-125.8759,34.2154
70.0,120.0,-126.5695,33.8821
70.0,130.0,-127.2603,33.5487
70.0,140.0,-127.9485,33.2154
70.0,145.0,-128.2916,33.0487
70.0,160.0,-129.3169,32.5487
70.0,175.0,-130.3365,32.0487
70.0,180.0,-130.6751,31.8821
70.0,190.0,-131.3505,31.5487
70.0,200.0,-132.0234,31.2154
73.3,50.0,-121.2557,35.6438
73.3,52.1,-121.4042,35.5738
73.3,55.0,-121.609,35.4771
73.3,60.0,-121.9615,35.3105
73.3,70.0,-122.6644,34.9771
73.3,80.0,-123.3644,34.6438
73.3,90.0,-124.0615,34.3105
73.3,100.0,-124.7559,33.9771
73.3,110.0,-125.4475,33.6438
73.3,120.0,-126.1364,33.3105
76.7,49.0,-120.7774,35.0882
76.7,51.0,-120.9178,35.0216
76.7,55.0,-121.1983,34.8882
76.7,60.0,-121.5483,34.7216
76.7,70.0,-122.2461,34.3882
76.7,80.0,-122.9411,34.0549
76.7,90.0,-123.6333,33.7216
76.7,100.0,-124.3229,33.3882
76.7,110.0,-125.0097,33.0549
76.7,120.0,-125.694,32.7216
80.0,50.5,-120.4891,34.4667
80.0,51.0,-120.5239,34.45
80.0,55.0,-120.8025,34.3167
80.0,60.0,-121.15,34.15
80.0,70.0,-121.843,33.8167
80.0,80.0,-122.5333,33.4833
80.0,90.0,-123.221,33.15
80.0,100.0,-123.906,32.8167
80.0,110.0,-124.58840000000001,32.4833
80.0,120.0,-125.2682,32.15
80.0,140.0,-126.6205,31.4833
80.0,160.0,-127.963,30.8167
80.0,180.0,-129.2962,30.15
80.0,200.0,-130.6203,29.4833
80.7,59.9,-121.0589,34.0321
81.2,53.9,-120.5828,34.1455
81.7,43.5,-119.8004,34.4056
81.8,46.9,-120.0252,34.2749
82.7,46.1,-119.8636,34.1457
83.3,39.4,-119.3278,34.2651
83.3,40.6,-119.4113,34.2251
83.3,42.0,-119.5085,34.1784
83.3,51.0,-120.1326,33.8784
83.3,55.0,-120.4092,33.7451
83.3,60.0,-120.7544,33.5784
83.3,70.0,-121.4428,33.2451
83.3,80.0,-122.1286,32.9118
83.3,90.0,-122.8117,32.5784
83.3,100.0,-123.4923,32.2451
83.3,110.0,-124.1704,31.9118
83.3,120.0,-124.846,31.5784
83.6,51.5,-120.1317,33.8098
84.0,41.7,-119.4059,34.0672
84.5,43.5,-119.4723,33.9206
85.4,35.8,-118.8342,34.0214
86.7,33.0,-118.4904,33.8895
86.7,35.0,-118.6288,33.8229
86.7,40.0,-118.9743,33.6562
86.7,45.0,-119.3191,33.4895
86.7,50.0,-119.6633,33.3229
86.7,55.0,-120.0068,33.1562
86.7,60.0,-120.3496,32.9895
86.7,70.0,-121.0334,32.6562
86.7,80.0,-121.7146,32.3229
86.7,90.0,-122.3932,31.9895
86.7,100.0,-123.0694,31.6562
86.7,110.0,-123.7431,31.3229
86.7,120.0,-124.4144,30.9895
86.8,32.5,-118.4443,33.8889
88.5,30.1,-118.0837,33.6744
90.0,27.7,-117.7474,33.4946
90.0,28.0,-117.7681,33.4846
90.0,30.0,-117.9059,33.4179
90.0,35.0,-118.2497,33.2513
90.0,37.0,-118.3871,33.1846
90.0,45.0,-118.9355,32.9179
90.0,53.0,-119.4823,32.6513
90.0,60.0,-119.9594,32.4179
90.0,70.0,-120.6387,32.0846
90.0,80.0,-121.3156,31.7513
90.0,90.0,-121.99,31.4179
90.0,100.0,-122.662,31.0846
90.0,110.0,-123.3316,30.7513
90.0,120.0,-123.9989,30.4179
90.0,130.0,-124.6639,30.0846
90.0,140.0,-125.3266,29.7513
90.0,145.0,-125.6571,29.584600000000002
90.0,160.0,-126.6454,29.0846
90.0,175.0,-127.6289,28.584600000000002
90.0,180.0,-127.9557,28.4179
90.0,190.0,-128.6076,28.0846
90.0,200.0,-129.2576,27.7513
90.0,205.0,-129.5818,27.584600000000002
90.0,220.0,-130.5515,27.0846
90.0,235.0,-131.5168,26.584600000000002
91.7,26.4,-117.4655,33.2435
93.3,26.7,-117.3054,32.9564
93.3,28.0,-117.3944,32.913
93.3,30.0,-117.5313,32.8464
93.3,35.0,-117.8729,32.6797
93.3,40.0,-118.2139,32.513
93.3,45.0,-118.5543,32.3464
93.3,50.0,-118.894,32.1797
93.3,55.0,-119.2331,32.013
93.3,60.0,-119.5716,31.8464
93.3,70.0,-120.2467,31.513
93.3,80.0,-120.9193,31.1797
93.3,90.0,-121.5896,30.8464
93.3,100.0,-122.2576,30.513
93.3,110.0,-122.9232,30.1797
93.3,120.0,-123.5866,29.8464
93.4,26.4,-117.2736,32.9491
96.7,30.0,-117.1474,32.2575
96.7,40.0,-117.8256,31.9241
96.7,50.0,-118.5013,31.5908
96.7,60.0,-119.1745,31.2575
96.7,70.0,-119.8454,30.9241
96.7,80.0,-120.5139,30.5908
96.7,90.0,-121.18,30.2575
96.7,100.0,-121.8439,29.9241
96.7,110.0,-122.5056,29.5908
96.7,120.0,-123.165,29.2575
100.0,30.0,-116.777,31.6859
100.0,40.0,-117.4509,31.3526
100.0,50.0,-118.1224,31.0192
100.0,60.0,-118.7916,30.6859
100.0,70.0,-119.4584,30.3526
100.0,80.0,-120.1229,30.0192
100.0,90.0,-120.7852,29.6859
100.0,100.0,-121.4453,29.3526
100.0,110.0,-122.1032,29.0192
100.0,120.0,-122.7589,28.6859
103.3,30.0,-116.4084,31.1143
103.3,40.0,-117.0782,30.781
103.3,50.0,-117.7457,30.4477
103.3,60.0,-118.4109,30.1143
103.3,70.0,-119.0738,29.781
103.3,80.0,-119.7345,29.4477
103.3,90.0,-120.393,29.1143
103.3,100.0,-121.0494,28.781
103.3,110.0,-121.7036,28.4477
103.3,120.0,-122.3558,28.1143
106.7,32.0,-116.1639,30.4588
106.7,40.0,-116.6963,30.1921
106.7,50.0,-117.3598,29.8588
106.7,60.0,-118.021,29.5254
106.7,70.0,-118.68,29.1921
106.7,80.0,-119.3369,28.8588
106.7,90.0,-119.9916,28.5254
106.7,100.0,-120.6443,28.1921
106.7,110.0,-121.2949,27.8588
106.7,120.0,-121.9434,27.5254
110.0,35.0,-115.997,29.7872
110.0,40.0,-116.3277,29.6205
110.0,50.0,-116.9873,29.2872
110.0,60.0,-117.6448,28.9538
110.0,70.0,-118.3001,28.6205
110.0,80.0,-118.9533,28.2872
110.0,90.0,-119.6045,27.9538
110.0,100.0,-120.2537,27.6205
110.0,110.0,-120.9008,27.2872
110.0,120.0,-121.546,26.9538
113.3,30.0,-115.3028,29.3823
113.3,40.0,-115.9609,29.0489
113.3,50.0,-116.6168,28.7156
113.3,60.0,-117.2706,28.3823
113.3,70.0,-117.9224,28.0489
113.3,80.0,-118.5721,27.7156
113.3,90.0,-119.2198,27.3823
113.3,100.0,-119.8656,27.0489
113.3,110.0,-120.5094,26.7156
113.3,120.0,-121.1513,26.3823
116.7,28.0,-114.7994,28.86
116.7,30.0,-114.9305,28.7934
116.7,40.0,-115.5848,28.46
116.7,50.0,-116.2371,28.1267
116.7,60.0,-116.8873,27.7934
116.7,70.0,-117.5354,27.46
116.7,80.0,-118.1817,27.1267
116.7,90.0,-118.8259,26.7934
116.7,100.0,-119.4683,26.46
116.7,110.0,-120.1087,26.1267
116.7,120.0,-120.7474,25.7934
120.0,25.0,-114.2447,28.3885
120.0,30.0,-114.5709,28.2218
120.0,40.0,-115.2217,27.8885
120.0,50.0,-115.8704,27.5551
120.0,60.0,-116.5172,27.2218
120.0,70.0,-117.162,26.8885
120.0,80.0,-117.8049,26.5551
120.0,90.0,-118.4459,26.2218
120.0,100.0,-119.085,25.8885
120.0,110.0,-119.7224,25.5551
120.0,120.0,-120.3579,25.2218
123.3,37.0,-114.6662,27.4169
123.3,40.0,-114.8602,27.3169
123.3,50.0,-115.5056,26.9836
123.3,60.0,-116.149,26.6502
123.3,70.0,-116.7906,26.3169
123.3,80.0,-117.4302,25.9836
123.3,90.0,-118.0681,25.6502
123.3,100.0,-118.7041,25.3169
123.3,110.0,-119.3384,24.9836
126.7,34.0,-114.1035,26.928
126.7,40.0,-114.4896,26.728
126.7,50.0,-115.1315,26.3947
126.7,60.0,-115.7716,26.0613
126.7,70.0,-116.4099,25.728
126.7,80.0,-117.0464,25.3947
126.7,90.0,-117.6811,25.0613
126.7,100.0,-118.314,24.728
126.7,110.0,-118.9452,24.3947
130.0,30.0,-113.4908,26.4897
130.0,40.0,-114.1314,26.1564
130.0,50.0,-114.7702,25.8231
130.0,60.0,-115.4072,25.4897
130.0,70.0,-116.0424,25.1564
130.0,80.0,-116.6758,24.8231
130.0,90.0,-117.3075,24.4897
130.0,100.0,-117.9376,24.1564
130.0,110.0,-118.5659,23.8231
133.3,25.0,-112.818,26.0848
133.3,30.0,-113.1374,25.9182
133.3,40.0,-113.7749,25.5848
133.3,50.0,-114.4106,25.2515
133.3,60.0,-115.0445,24.9182
133.3,70.0,-115.6767,24.5848
133.3,80.0,-116.3072,24.2515
133.3,90.0,-116.936,23.9182
133.3,100.0,-117.5632,23.5848
133.3,110.0,-118.1888,23.2515
136.7,23.0,-112.3296,25.5626
136.7,30.0,-112.7747,25.3293
136.7,40.0,-113.4091,24.9959
136.7,50.0,-114.0417,24.6626
136.7,60.0,-114.6726,24.3293
136.7,70.0,-115.3018,23.9959
136.7,80.0,-115.9294,23.6626
136.7,90.0,-116.5553,23.3293
136.7,100.0,-117.1797,22.9959
136.7,110.0,-117.8025,22.6626
140.0,30.0,-112.4241,24.7577
140.0,40.0,-113.0555,24.4244
140.0,50.0,-113.6852,24.091
140.0,60.0,-114.3133,23.7577
140.0,70.0,-114.9397,23.4244
140.0,80.0,-115.5645,23.091
140.0,90.0,-116.1878,22.7577
140.0,100.0,-116.8095,22.4244
140.0,110.0,-117.4297,22.091
143.3,26.0,-111.823,24.3195
143.3,30.0,-112.0749,24.1861
143.3,40.0,-112.7034,23.8528
143.3,50.0,-113.3303,23.5195
143.3,60.0,-113.9555,23.1861
143.3,70.0,-114.5792,22.8528
143.3,80.0,-115.2014,22.5195
143.3,90.0,-115.822,22.1861
143.3,100.0,-116.4412,21.8528
143.3,110.0,-117.0589,21.5195
146.7,20.0,-111.0891,23.9306
146.7,30.0,-111.7164,23.5972
146.7,40.0,-112.342,23.2639
146.7,50.0,-112.9661,22.9306
146.7,60.0,-113.5886,22.5972
146.7,70.0,-114.2096,22.2639
146.7,80.0,-114.8291,21.9306
146.7,90.0,-115.4471,21.5972
146.7,100.0,-116.0637,21.2639
146.7,110.0,-116.6789,20.9306
150.0,19.0,-110.6826,23.3923
150.0,30.0,-111.3697,23.0256
150.0,40.0,-111.9926,22.6923
150.0,50.0,-112.614,22.359
150.0,60.0,-113.234,22.0256
150.0,70.0,-113.8524,21.6923
150.0,80.0,-114.4694,21.359
150.0,90.0,-115.085,21.0256
150.0,100.0,-115.6992,20.6923
150.0,110.0,-116.312,20.359
153.3,16.0,-110.1531,22.9207
153.3,20.0,-110.4023,22.7874
153.3,30.0,-111.0241,22.4541
153.3,40.0,-111.6445,22.1207
153.3,50.0,-112.2634,21.7874
153.3,60.0,-112.8808,21.4541
153.3,70.0,-113.4967,21.1207
153.3,80.0,-114.1113,20.7874
153.3,90.0,-114.7245,20.4541
156.7,10.0,-109.4295,22.5318
156.7,20.0,-110.0502,22.1985
156.7,30.0,-110.6694,21.8652
156.7,40.0,-111.2871,21.5318
156.7,50.0,-111.9034,21.1985
156.7,60.0,-112.5183,20.8652
156.7,70.0,-113.1319,20.5318
156.7,80.0,-113.744,20.1985
156.7,90.0,-114.3549,19.8652
